conversation_id,policy,turn,strategy,prior_emotion,detected_emotion,detected_confidence,seed_text,assistant_reply,user_reply,emotion_scores
calming-anger-0,calming,0,seed,,surprise,0.885440468788147,I can't believe you just did that! How could you be so thoughtless?,,I can't believe you just did that! How could you be so thoughtless?,"{""surprise"": 0.885440468788147, ""anger"": 0.06269486993551254, ""disgust"": 0.02346007153391838, ""fear"": 0.010531101375818253, ""neutral"": 0.009762144647538662, ""sadness"": 0.006220898125320673, ""joy"": 0.0018904070602729917}"
calming-anger-0,calming,1,Explore,surprise,anger,0.6422615647315979,I can't believe you just did that! How could you be so thoughtless?,I can see that you're really hurt by this. Can you share more about what specifically bothered you? What were you hoping for in that moment?,I just wanted some support and understanding. It felt like you completely disregarded my feelings when I really needed you.,"{""anger"": 0.6422615647315979, ""disgust"": 0.287827730178833, ""sadness"": 0.033611197024583817, ""neutral"": 0.029828881844878197, ""fear"": 0.003711520694196224, ""surprise"": 0.0016560557996854186, ""joy"": 0.0011031483300030231}"
calming-anger-0,calming,2,Validate,anger,sadness,0.939851701259613,I can't believe you just did that! How could you be so thoughtless?,"It sounds like you really needed someone to be there for you, and it's understandable to feel disregarded in that moment. Your feelings are valid, and it’s tough to feel unsupported when you’re looking for understanding.",Thank you for acknowledging that. I just wish I could have felt seen and heard when I needed it most. It’s hard to shake off that feeling of being alone in those moments.,"{""sadness"": 0.939851701259613, ""fear"": 0.027773724868893623, ""neutral"": 0.020238980650901794, ""disgust"": 0.005098601337522268, ""surprise"": 0.0037108678370714188, ""joy"": 0.001782757230103016, ""anger"": 0.0015433451626449823}"
calming-anger-0,calming,3,Affirm,sadness,joy,0.9027988314628601,I can't believe you just did that! How could you be so thoughtless?,"It's truly commendable that you're expressing your feelings so openly; that takes strength and courage. Your desire to be seen and heard shows just how deeply you value connection, and it's clear you have a strong understanding of your own emotional needs.","I appreciate your kind words. It really means a lot to me to feel understood, and I hope moving forward, I can find that connection I crave.","{""joy"": 0.9027988314628601, ""neutral"": 0.07439830899238586, ""surprise"": 0.010163160972297192, ""sadness"": 0.005024706944823265, ""anger"": 0.0036470508202910423, ""disgust"": 0.0035032492596656084, ""fear"": 0.00046468881191685796}"
calming-anger-0,calming,4,Explore,joy,fear,0.9100102186203003,I can't believe you just did that! How could you be so thoughtless?,What do you think would help you feel more connected in the future? Are there specific ways you’d like to communicate your needs when you’re seeking support?,"I think being open about my feelings ahead of time might help, along with creating a safe space to share. Just knowing that I can express my needs without hesitation would make a big difference.","{""fear"": 0.9100102186203003, ""neutral"": 0.043073203414678574, ""joy"": 0.02989724650979042, ""anger"": 0.007417865097522736, ""sadness"": 0.003585097612813115, ""disgust"": 0.0034701807890087366, ""surprise"": 0.0025462107732892036}"
calming-anger-0,calming,5,Normalize,fear,joy,0.9054334163665771,I can't believe you just did that! How could you be so thoughtless?,"It’s really common for many people to desire that safe space to express their feelings without hesitation. Knowing you’re not alone in wanting this kind of openness can be comforting, and it sounds like you’re taking powerful steps toward fostering that connection in your relationships.","You're right, and I appreciate your continued support. Building that openness feels crucial, and I'm determined to create an environment where we can all express ourselves freely.","{""joy"": 0.9054334163665771, ""neutral"": 0.07699758559465408, ""surprise"": 0.006283847149461508, ""sadness"": 0.003752290504053235, ""anger"": 0.0036165323108434677, ""disgust"": 0.0030014831572771072, ""fear"": 0.0009148656390607357}"
calming-anger-1,calming,0,seed,,anger,0.4722932279109955,I can't believe you went behind my back like that! That's so disrespectful!,,I can't believe you went behind my back like that! That's so disrespectful!,"{""anger"": 0.4722932279109955, ""disgust"": 0.34714698791503906, ""surprise"": 0.1492728292942047, ""neutral"": 0.017161855474114418, ""sadness"": 0.00795484147965908, ""fear"": 0.0043763960711658, ""joy"": 0.0017939087701961398}"
calming-anger-1,calming,1,Validate,anger,disgust,0.38850459456443787,I can't believe you went behind my back like that! That's so disrespectful!,"I can hear how hurt and disrespected you feel right now. It’s completely understandable to feel upset about this situation. Your feelings matter, and it’s important to acknowledge them.","Thank you for understanding. It just feels like a huge breach of trust, and I really need to process how to move forward from this.","{""disgust"": 0.38850459456443787, ""anger"": 0.2523713707923889, ""neutral"": 0.2348717451095581, ""fear"": 0.08921068906784058, ""sadness"": 0.02032124064862728, ""surprise"": 0.01303657703101635, ""joy"": 0.0016837534494698048}"
calming-anger-1,calming,2,Normalize,disgust,joy,0.6475641131401062,I can't believe you went behind my back like that! That's so disrespectful!,"It's common to feel a deep sense of betrayal when trust is broken, and many people go through similar emotions in these situations. Allowing yourself to process this can be an important step in finding your way forward. You're not alone in feeling this way.","I appreciate you saying that. It helps to know that others have gone through something similar. I'm just trying to figure out how to rebuild that trust, if it’s even possible.","{""joy"": 0.6475641131401062, ""neutral"": 0.29357093572616577, ""surprise"": 0.023791758343577385, ""sadness"": 0.013646983541548252, ""disgust"": 0.010479507967829704, ""anger"": 0.009284808300435543, ""fear"": 0.0016618676017969847}"
calming-anger-1,calming,3,Explore,joy,neutral,0.9410316348075867,I can't believe you went behind my back like that! That's so disrespectful!,What does rebuilding trust look like for you? Are there specific actions or conversations that you think could help in this process?,"Rebuilding trust for me would mean open and honest conversations about what happened, setting clear expectations going forward, and showing consistency in actions over time. I think simple gestures of accountability can also help. Does that resonate with you?","{""neutral"": 0.9410316348075867, ""disgust"": 0.022083235904574394, ""anger"": 0.01159478910267353, ""fear"": 0.008709978312253952, ""joy"": 0.007733855862170458, ""sadness"": 0.0044675408862531185, ""surprise"": 0.004378931596875191}"
calming-anger-1,calming,4,Guide,neutral,neutral,0.8159477710723877,I can't believe you went behind my back like that! That's so disrespectful!,"Your approach to rebuilding trust sounds solid. Start by initiating an honest conversation where you can clearly express your feelings and expectations. Then, consider proposing regular check-ins to maintain accountability and consistency, which can help reinforce trust over time.",That makes a lot of sense. Having those honest conversations and setting up regular check-ins could really help create a stronger foundation moving forward. I’m ready to take those steps if it means we can work through this together.,"{""neutral"": 0.8159477710723877, ""joy"": 0.14315995573997498, ""disgust"": 0.011918946169316769, ""fear"": 0.008628269657492638, ""anger"": 0.00801804754883051, ""sadness"": 0.00655657984316349, ""surprise"": 0.0057704565115273}"
calming-anger-1,calming,5,Guide,neutral,joy,0.9725738763809204,I can't believe you went behind my back like that! That's so disrespectful!,"That's a great mindset to have! To start, propose a specific time for your first honest conversation and outline the key topics you want to cover. After that, schedule regular check-ins, perhaps weekly or bi-weekly, to keep the lines of communication open and continue building that trust together.",I feel hopeful now that I have a plan. I’ll take your advice and set a time for that conversation this week. Consistent check-ins will definitely help too!,"{""joy"": 0.9725738763809204, ""neutral"": 0.016456155106425285, ""fear"": 0.004243069794028997, ""surprise"": 0.0022976461332291365, ""anger"": 0.0015978052979335189, ""sadness"": 0.0015686997212469578, ""disgust"": 0.0012627204414457083}"
calming-anger-2,calming,0,seed,,surprise,0.8702390193939209,I can't believe you did that! How could you be so thoughtless?,,I can't believe you did that! How could you be so thoughtless?,"{""surprise"": 0.8702390193939209, ""anger"": 0.07153899222612381, ""disgust"": 0.024211280047893524, ""fear"": 0.01530736405402422, ""neutral"": 0.008711365982890129, ""sadness"": 0.00783451832830906, ""joy"": 0.002157444367185235}"
calming-anger-2,calming,1,Explore,surprise,sadness,0.814483642578125,I can't believe you did that! How could you be so thoughtless?,It sounds like you're really upset about what happened. Can you share more about what specifically felt thoughtless to you? What impact did it have on you?,It just felt like my feelings didn't matter at all. I was really hurt because it seemed like you didn't consider how your actions would affect me. It made me question if you really care.,"{""sadness"": 0.814483642578125, ""anger"": 0.07362046837806702, ""disgust"": 0.05806109309196472, ""neutral"": 0.039456773549318314, ""surprise"": 0.008175980299711227, ""fear"": 0.003940584138035774, ""joy"": 0.0022614337503910065}"
calming-anger-2,calming,2,Affirm,sadness,sadness,0.8740174770355225,I can't believe you did that! How could you be so thoughtless?,"I appreciate your openness in sharing your feelings; it takes courage to express when you're hurt. Your emotions are valid, and it’s clear you care deeply about how you're treated. Thank you for trusting me with this.","Thank you for understanding; it really means a lot. I want you to know that your feelings do matter to me, and I’m sorry for making you feel otherwise.","{""sadness"": 0.8740174770355225, ""neutral"": 0.07937739044427872, ""disgust"": 0.015309866517782211, ""joy"": 0.015197339467704296, ""surprise"": 0.007321376819163561, ""fear"": 0.005486591253429651, ""anger"": 0.0032899712678045034}"
calming-anger-2,calming,3,Affirm,sadness,joy,0.9627940654754639,I can't believe you did that! How could you be so thoughtless?,It's wonderful to hear you express your appreciation and willingness to acknowledge the impact of your actions. It shows great emotional intelligence and a strong desire to build a caring connection. Your sincerity in valuing feelings really stands out and strengthens your bond.,I genuinely appreciate your kind words. It means a lot that we can have this open dialogue and work through our feelings together. Building this connection truly matters to me.,"{""joy"": 0.9627940654754639, ""neutral"": 0.016708018258213997, ""surprise"": 0.011680984869599342, ""sadness"": 0.0035699051804840565, ""anger"": 0.0030827922746539116, ""disgust"": 0.001661059446632862, ""fear"": 0.000503210467286408}"
calming-anger-2,calming,4,Explore,joy,neutral,0.9053784012794495,I can't believe you did that! How could you be so thoughtless?,It’s great to hear how much this connection means to you. What do you think helps create that open dialogue between us? Are there specific moments or experiences that you feel strengthen our bond?,"I think our willingness to listen to each other plays a big role. Moments when we’re honest about our feelings, like this one, really help us understand each other better and build trust. What do you think?","{""neutral"": 0.9053784012794495, ""joy"": 0.03574881702661514, ""disgust"": 0.02571272850036621, ""anger"": 0.013382774777710438, ""surprise"": 0.009531104005873203, ""fear"": 0.007128850091248751, ""sadness"": 0.003117346204817295}"
calming-anger-2,calming,5,Guide,neutral,joy,0.8781934380531311,I can't believe you did that! How could you be so thoughtless?,"I completely agree that listening and honesty are crucial for building trust. To enhance this, you might consider setting aside regular check-in moments where you can both share feelings and thoughts without distractions. This can deepen your understanding and strengthen the bond even further.",That sounds like a great idea! Regular check-ins could really help us maintain that openness and keep our connection strong. I'm looking forward to more honest conversations like this.,"{""joy"": 0.8781934380531311, ""neutral"": 0.08917611837387085, ""surprise"": 0.02117701806128025, ""sadness"": 0.0031920657493174076, ""anger"": 0.002821540692821145, ""disgust"": 0.0027824018616229296, ""fear"": 0.0026574572548270226}"
calming-disgust-0,calming,0,seed,,disgust,0.9840227365493774,"Ugh, I can't believe I found that moldy food in the fridge—it's absolutely disgusting!",,"Ugh, I can't believe I found that moldy food in the fridge—it's absolutely disgusting!","{""disgust"": 0.9840227365493774, ""fear"": 0.00509374076500535, ""anger"": 0.0031320361886173487, ""neutral"": 0.0027107775676995516, ""surprise"": 0.002427159110084176, ""sadness"": 0.002347354544326663, ""joy"": 0.0002662179758772254}"
calming-disgust-0,calming,1,Normalize,disgust,disgust,0.39008551836013794,"Ugh, I can't believe I found that moldy food in the fridge—it's absolutely disgusting!","That’s really frustrating—many people can relate to the annoyance of finding unexpected moldy food. It's such a gross surprise, and it makes dealing with the fridge so much harder. You're definitely not alone in feeling that way!",Thanks for understanding! It really is such an unpleasant surprise. I'll definitely be more careful about checking things in there.,"{""disgust"": 0.39008551836013794, ""sadness"": 0.3359330892562866, ""surprise"": 0.09789501875638962, ""neutral"": 0.08264559507369995, ""fear"": 0.0632098838686943, ""anger"": 0.01973218098282814, ""joy"": 0.010498743504285812}"
calming-disgust-0,calming,2,Normalize,disgust,joy,0.7347761392593384,"Ugh, I can't believe I found that moldy food in the fridge—it's absolutely disgusting!",It’s completely understandable to feel that way—many people find old food surprisingly gross and frustrating. It can really throw off your day! Just know that you're not the only one who has dealt with this.,I appreciate your support! It definitely helps to know I'm not alone in this. Here’s to cleaner fridges and fewer gross surprises!,"{""joy"": 0.7347761392593384, ""neutral"": 0.17874209582805634, ""surprise"": 0.04054435342550278, ""sadness"": 0.022304974496364594, ""disgust"": 0.013485468924045563, ""anger"": 0.009063505567610264, ""fear"": 0.001083416398614645}"
calming-disgust-0,calming,3,Explore,joy,neutral,0.9336995482444763,"Ugh, I can't believe I found that moldy food in the fridge—it's absolutely disgusting!",I'm glad to hear my support helps! What strategies do you think might work for keeping your fridge cleaner? Or is there a specific type of food you struggle with remembering to check?,"I think setting a weekly reminder to check the fridge could help, and maybe labeling things with dates would be useful too. I usually forget about leftovers or things I’ve prepped in advance. What about you?","{""neutral"": 0.9336995482444763, ""surprise"": 0.036196835339069366, ""anger"": 0.00870656780898571, ""disgust"": 0.007522431202232838, ""sadness"": 0.005409832112491131, ""joy"": 0.004647939931601286, ""fear"": 0.0038168553728610277}"
calming-disgust-0,calming,4,Guide,neutral,joy,0.4758475422859192,"Ugh, I can't believe I found that moldy food in the fridge—it's absolutely disgusting!",Those are great strategies! Setting a reminder and labeling dates can really help keep track of your leftovers. You might also consider creating a designated spot for older items to encourage you to use them up first. It sounds like you’re on the right track!,Thanks! I think creating a designated spot is a smart idea—I might give that a try too. Here's to more organized and cleaner fridges!,"{""joy"": 0.4758475422859192, ""neutral"": 0.4317621886730194, ""surprise"": 0.05158977210521698, ""anger"": 0.025142641738057137, ""disgust"": 0.008760142140090466, ""sadness"": 0.005323014222085476, ""fear"": 0.0015746532008051872}"
calming-disgust-0,calming,5,Explore,joy,neutral,0.933796763420105,"Ugh, I can't believe I found that moldy food in the fridge—it's absolutely disgusting!",That sounds like a positive step forward! What kind of designated spot do you envision for those older items? And how do you think making these changes will impact your cooking or meal planning?,"I’m thinking of a specific shelf at the top for older items, where I'll easily see them first. I believe it will help me prioritize using up leftovers and reduce waste, making meal planning a lot smoother.","{""neutral"": 0.933796763420105, ""joy"": 0.03515011444687843, ""surprise"": 0.01603732258081436, ""disgust"": 0.005752227734774351, ""anger"": 0.005039204377681017, ""sadness"": 0.0026846895925700665, ""fear"": 0.001539762131869793}"
calming-disgust-1,calming,0,seed,,disgust,0.9531352519989014,I can't believe they served that lukewarm meat; it looks absolutely repulsive.,,I can't believe they served that lukewarm meat; it looks absolutely repulsive.,"{""disgust"": 0.9531352519989014, ""fear"": 0.022172806784510612, ""neutral"": 0.006887251511216164, ""sadness"": 0.006853753700852394, ""anger"": 0.005733823403716087, ""surprise"": 0.004466650076210499, ""joy"": 0.0007505519315600395}"
calming-disgust-1,calming,1,Normalize,disgust,surprise,0.3733764588832855,I can't believe they served that lukewarm meat; it looks absolutely repulsive.,"It's really frustrating when food doesn't meet our expectations, especially when it looks unappetizing. Many people share that disappointment when dining out. You definitely deserve a meal that feels satisfying!",Absolutely! It’s such a letdown when you’re excited about a meal and it falls flat. I really hope your next dining experience is a lot better!,"{""surprise"": 0.3733764588832855, ""joy"": 0.20572486519813538, ""neutral"": 0.19425253570079803, ""disgust"": 0.09832338988780975, ""anger"": 0.07392504811286926, ""sadness"": 0.04551978036761284, ""fear"": 0.008877923712134361}"
calming-disgust-1,calming,2,Explore,surprise,joy,0.8475276827812195,I can't believe they served that lukewarm meat; it looks absolutely repulsive.,What kind of meals usually get you excited? Have you had a dining experience that really stood out to you in the past?,"I love a good seafood dish, especially something fresh like grilled salmon with a nice lemon butter sauce. There was this one time at a seaside restaurant where everything just clicked—the view, the food, and the atmosphere. It was unforgettable!","{""joy"": 0.8475276827812195, ""neutral"": 0.10537781566381454, ""surprise"": 0.029241198673844337, ""disgust"": 0.010095546022057533, ""fear"": 0.002912337426096201, ""sadness"": 0.002619836712256074, ""anger"": 0.0022256276570260525}"
calming-disgust-1,calming,3,Explore,joy,joy,0.9758598208427429,I can't believe they served that lukewarm meat; it looks absolutely repulsive.,That sounds like such a magical experience! What made the view and atmosphere stand out to you? Do you often seek out seaside restaurants for that kind of vibe?,The combination of the stunning sunset over the waves and the refreshing sea breeze made it feel so alive and special. I do love seeking out seaside spots; there's something about the ocean that just enhances a meal!,"{""joy"": 0.9758598208427429, ""neutral"": 0.011154099367558956, ""sadness"": 0.006202377378940582, ""surprise"": 0.0041939737275242805, ""disgust"": 0.0015809396281838417, ""anger"": 0.00063276820583269, ""fear"": 0.00037606997648254037}"
calming-disgust-1,calming,4,Explore,joy,joy,0.9360194206237793,I can't believe they served that lukewarm meat; it looks absolutely repulsive.,It sounds like the ocean really adds a unique touch to your dining experiences! What other seaside spots have you visited that made a lasting impression? And do you have a favorite seafood dish that you keep returning to?,I've been to a lovely spot in Maine where the lobster rolls were out of this world. There's just something about enjoying fresh seafood with that ocean backdrop that makes it feel like the ultimate treat! I always come back for the lobster.,"{""joy"": 0.9360194206237793, ""neutral"": 0.047717321664094925, ""surprise"": 0.00864909403026104, ""disgust"": 0.00341127160936594, ""sadness"": 0.002325366949662566, ""anger"": 0.0013447977835312486, ""fear"": 0.0005326959071680903}"
calming-disgust-1,calming,5,Explore,joy,joy,0.9427743554115295,I can't believe they served that lukewarm meat; it looks absolutely repulsive.,Maine sounds like such a special place for seafood! What was it about those lobster rolls that made them so incredible? Do you have any memorable experiences from that visit that you cherish?,"The lobster rolls were perfectly seasoned and packed with so much flavor, not to mention the buttery rolls they came in. I remember sharing laughs with friends around a rustic table overlooking the water; it felt like the perfect blend of joy and deliciousness. Definitely a highlight of the trip!","{""joy"": 0.9427743554115295, ""neutral"": 0.0423174612224102, ""disgust"": 0.00620237085968256, ""surprise"": 0.0030156720895320177, ""sadness"": 0.0028600043151527643, ""anger"": 0.0023777105379849672, ""fear"": 0.00045239223982207477}"
calming-disgust-2,calming,0,seed,,disgust,0.9826585054397583,"Ugh, I can’t believe anyone would eat that—it's completely gross!",,"Ugh, I can’t believe anyone would eat that—it's completely gross!","{""disgust"": 0.9826585054397583, ""anger"": 0.0047926888801157475, ""fear"": 0.0047513023018836975, ""sadness"": 0.003067928832024336, ""neutral"": 0.0022649175953119993, ""surprise"": 0.0021381971891969442, ""joy"": 0.000326485896948725}"
calming-disgust-2,calming,1,Normalize,disgust,surprise,0.3978821635246277,"Ugh, I can’t believe anyone would eat that—it's completely gross!",It's totally understandable to feel that way; many people have strong reactions to certain foods. You're definitely not alone in thinking something is unappetizing!,Thanks for understanding! It’s just wild how different tastes can be. What’s something you find unappetizing?,"{""surprise"": 0.3978821635246277, ""disgust"": 0.33793407678604126, ""neutral"": 0.12380779534578323, ""anger"": 0.09434705227613449, ""sadness"": 0.019473504275083542, ""joy"": 0.016799813136458397, ""fear"": 0.009755562990903854}"
calming-disgust-2,calming,2,Explore,surprise,neutral,0.44839951395988464,"Ugh, I can’t believe anyone would eat that—it's completely gross!",Absolutely! It is fascinating how diverse our tastes can be. What do you think influences your preferences the most? Are there certain flavors or textures that really turn you off?,"I think my preferences are heavily influenced by childhood experiences and cultural background. As for textures, I'm really not a fan of slimy foods—they just don’t sit right with me!","{""neutral"": 0.44839951395988464, ""disgust"": 0.3956596255302429, ""anger"": 0.056366290897130966, ""fear"": 0.03497026115655899, ""surprise"": 0.034142810851335526, ""sadness"": 0.019666196778416634, ""joy"": 0.010795364156365395}"
calming-disgust-2,calming,3,Guide,neutral,joy,0.9358258247375488,"Ugh, I can’t believe anyone would eat that—it's completely gross!","That makes a lot of sense! To navigate slimy textures in meals, you could try experimenting with different cooking methods, like roasting or grilling, which often change the texture of foods. Have you thought about exploring recipes that focus on your favorite textures and flavors instead?",I love that idea! Focusing on favorite textures and flavors sounds like a great way to enjoy meals more. I’ll definitely look into some roasted or grilled recipes.,"{""joy"": 0.9358258247375488, ""neutral"": 0.04995649307966232, ""surprise"": 0.004663151688873768, ""disgust"": 0.004246186465024948, ""anger"": 0.002745517995208502, ""sadness"": 0.0021067399065941572, ""fear"": 0.0004559934895951301}"
calming-disgust-2,calming,4,Explore,joy,neutral,0.5533772706985474,"Ugh, I can’t believe anyone would eat that—it's completely gross!",That sounds exciting! What kinds of textures and flavors do you enjoy the most? Are there any specific dishes or ingredients from your cultural background that you're thinking of incorporating into your meals?,"I'm really drawn to bold flavors and crispy textures—things like roasted vegetables or crunchy nuts are a win! From my cultural background, I've been thinking about incorporating some spiced rice dishes or marinated meats that really pack a punch. What about you?","{""neutral"": 0.5533772706985474, ""joy"": 0.38377225399017334, ""surprise"": 0.02198939584195614, ""anger"": 0.019455179572105408, ""disgust"": 0.016003679484128952, ""sadness"": 0.0037243280094116926, ""fear"": 0.0016779106808826327}"
calming-disgust-2,calming,5,Guide,neutral,joy,0.861257016658783,"Ugh, I can’t believe anyone would eat that—it's completely gross!",That sounds delicious! You might try making a roasted vegetable medley with your favorite spices and pairing it with marinated meats for a flavorful meal. Adding some crunchy nuts as a topping can enhance that crispy texture you enjoy. Happy cooking!,I love those ideas! Roasted vegetables with spices and marinated meats sound like a perfect match. I might have to try that combo too!,"{""joy"": 0.861257016658783, ""neutral"": 0.10777828842401505, ""surprise"": 0.01641255058348179, ""anger"": 0.005816639866679907, ""disgust"": 0.005387141834944487, ""sadness"": 0.0026200900319963694, ""fear"": 0.0007281927391886711}"
calming-fear-0,calming,0,seed,,fear,0.9901193380355835,"I can’t shake the feeling that someone is watching me from the shadows. My heart is racing, and all I want to do is run.",,"I can’t shake the feeling that someone is watching me from the shadows. My heart is racing, and all I want to do is run.","{""fear"": 0.9901193380355835, ""sadness"": 0.002912394469603896, ""anger"": 0.0025817537680268288, ""surprise"": 0.0014118714025244117, ""neutral"": 0.0010569104924798012, ""joy"": 0.0010180629324167967, ""disgust"": 0.0008997346158139408}"
calming-fear-0,calming,1,Normalize,fear,joy,0.7918172478675842,"I can’t shake the feeling that someone is watching me from the shadows. My heart is racing, and all I want to do is run.","It’s understandable to feel that way; many people experience similar sensations of unease and fear at times. You're not alone in this, and it's completely normal to have those racing thoughts. It's important to acknowledge what you're feeling.",Thanks for understanding. It’s just tough to deal with these feelings sometimes. I really appreciate your reassurance.,"{""joy"": 0.7918172478675842, ""neutral"": 0.14355894923210144, ""sadness"": 0.03399382904171944, ""surprise"": 0.01578078418970108, ""disgust"": 0.0071290540508925915, ""anger"": 0.005747039336711168, ""fear"": 0.001973025733605027}"
calming-fear-0,calming,2,Explore,joy,sadness,0.45096707344055176,"I can’t shake the feeling that someone is watching me from the shadows. My heart is racing, and all I want to do is run.",I'm glad to hear that my support has helped a bit. Can you tell me more about what’s been happening when you feel this way? What do you think triggers those feelings for you?,"I think it’s usually when I’m in quiet places or when I’m alone at night. My imagination runs wild, and it makes everything feel more intense. It’s frustrating because I know it’s not real, but the feelings are so strong.","{""sadness"": 0.45096707344055176, ""anger"": 0.3761432468891144, ""neutral"": 0.06291723996400833, ""surprise"": 0.05286173149943352, ""disgust"": 0.027293188497424126, ""fear"": 0.024062804877758026, ""joy"": 0.005754709243774414}"
calming-fear-0,calming,3,Affirm,sadness,joy,0.8567724823951721,"I can’t shake the feeling that someone is watching me from the shadows. My heart is racing, and all I want to do is run.","It's impressive that you can recognize your feelings for what they are, even when they feel overwhelming. Acknowledging those thoughts is a strong step, and it shows your self-awareness. You're doing a great job navigating these emotions.","Thank you, that means a lot. It's a bit of a battle, but I’m trying to take it one step at a time. Just hoping to find a way to feel more at ease in those moments.","{""joy"": 0.8567724823951721, ""neutral"": 0.12367620319128036, ""disgust"": 0.006534570828080177, ""sadness"": 0.005706185940653086, ""anger"": 0.002970917848870158, ""surprise"": 0.002904448891058564, ""fear"": 0.0014352432917803526}"
calming-fear-0,calming,4,Explore,joy,fear,0.9856705069541931,"I can’t shake the feeling that someone is watching me from the shadows. My heart is racing, and all I want to do is run.","It sounds like you're being really mindful about your experience, which is great. What are some of the thoughts or images that come to mind when you feel that way? Have you found anything that helps you feel a little more grounded in those quiet moments?","When I'm in those quiet moments, I often think about safe places or happy memories that help ground me. Sometimes focusing on my breath or holding something familiar can really help me feel less anxious. I'm still figuring it out, but it's a work in progress.","{""fear"": 0.9856705069541931, ""neutral"": 0.005215322598814964, ""sadness"": 0.0030884842853993177, ""joy"": 0.0023864363320171833, ""surprise"": 0.001757488469593227, ""anger"": 0.0012026844779029489, ""disgust"": 0.0006791481864638627}"
calming-fear-0,calming,5,Normalize,fear,joy,0.9683108925819397,"I can’t shake the feeling that someone is watching me from the shadows. My heart is racing, and all I want to do is run.","It's really common for people to seek comfort in safe memories or grounding techniques during quiet moments. You're not alone in this struggle, and it’s perfectly okay to be figuring things out along the way. Your process of finding what works for you shows resilience, and that’s something to be proud of.","Thank you for your kind words. It’s nice to feel recognized for my effort, even when it’s tough. I’ll keep trying to find those little things that help me feel grounded.","{""joy"": 0.9683108925819397, ""neutral"": 0.01819172315299511, ""sadness"": 0.0075431326404213905, ""surprise"": 0.0021237917244434357, ""disgust"": 0.0016438615275546908, ""anger"": 0.001532540307380259, ""fear"": 0.0006540765753015876}"
calming-fear-1,calming,0,seed,,fear,0.9744871854782104,"I can't shake this feeling that something terrible is about to happen. My heart is racing, and I just want to run away.",,"I can't shake this feeling that something terrible is about to happen. My heart is racing, and I just want to run away.","{""fear"": 0.9744871854782104, ""sadness"": 0.017611268907785416, ""anger"": 0.002742096781730652, ""surprise"": 0.002058380050584674, ""disgust"": 0.0011486432049423456, ""neutral"": 0.0011206623166799545, ""joy"": 0.0008317106403410435}"
calming-fear-1,calming,1,Normalize,fear,sadness,0.7063961029052734,"I can't shake this feeling that something terrible is about to happen. My heart is racing, and I just want to run away.","It's really tough to feel that way, and many people experience similar sensations of anxiety and fear. It’s completely okay to feel overwhelmed at times like this. You’re not alone in this struggle.",Thanks for saying that. It helps to know I’m not alone in feeling this way. I just wish I could find some peace.,"{""sadness"": 0.7063961029052734, ""neutral"": 0.23327499628067017, ""joy"": 0.03067019395530224, ""surprise"": 0.01145598292350769, ""disgust"": 0.009503694251179695, ""fear"": 0.0063958498649299145, ""anger"": 0.0023031779564917088}"
calming-fear-1,calming,2,Affirm,sadness,joy,0.9771257638931274,"I can't shake this feeling that something terrible is about to happen. My heart is racing, and I just want to run away.","It’s really insightful of you to recognize your feelings and reach out for support. That takes courage and strength, and your ability to express what you’re going through is a positive step towards finding that peace you’re seeking.","I appreciate your kind words. It feels good to be acknowledged, and I hope I can keep moving toward that peace.","{""joy"": 0.9771257638931274, ""neutral"": 0.011950035579502583, ""sadness"": 0.0037564535159617662, ""surprise"": 0.0031501599587500095, ""disgust"": 0.0020373694133013487, ""anger"": 0.0017153514781966805, ""fear"": 0.00026491106837056577}"
calming-fear-1,calming,3,Explore,joy,neutral,0.6805303692817688,"I can't shake this feeling that something terrible is about to happen. My heart is racing, and I just want to run away.",What does peace look and feel like for you? Are there specific moments or activities that help you feel more calm and centered?,"For me, peace feels like a quiet moment in nature, where everything slows down and I can breathe deeply. Activities like reading, meditating, or just sitting quietly can really help me find that calm. What about you?","{""neutral"": 0.6805303692817688, ""joy"": 0.19940286874771118, ""sadness"": 0.08285856992006302, ""disgust"": 0.012720338068902493, ""fear"": 0.009413088671863079, ""surprise"": 0.009236051701009274, ""anger"": 0.005838719196617603}"
calming-fear-1,calming,4,Guide,neutral,joy,0.47621434926986694,"I can't shake this feeling that something terrible is about to happen. My heart is racing, and I just want to run away.","It’s wonderful that you have those activities that bring you peace! Consider setting aside time each week to go for a nature walk, read, or meditate. Even a few minutes a day can help you connect with that sense of calm you’re seeking.",Thanks for the suggestion! I’ll definitely try to carve out some time for those activities. Just thinking about it makes me feel a bit lighter already.,"{""joy"": 0.47621434926986694, ""neutral"": 0.3830682933330536, ""sadness"": 0.08231204748153687, ""surprise"": 0.02867932803928852, ""disgust"": 0.020814623683691025, ""anger"": 0.0072791301645338535, ""fear"": 0.001632248517125845}"
calming-fear-1,calming,5,Explore,joy,joy,0.933225154876709,"I can't shake this feeling that something terrible is about to happen. My heart is racing, and I just want to run away.","I'm glad to hear that you're feeling a bit lighter! What do you think might be the first activity you’d like to try, and how do you imagine it will make you feel?",I think I’ll start with a nature walk. Just being outside and listening to the sounds of nature really helps me feel grounded and more at peace.,"{""joy"": 0.933225154876709, ""neutral"": 0.042250994592905045, ""sadness"": 0.01641356572508812, ""disgust"": 0.0025808471255004406, ""anger"": 0.0021455336827784777, ""fear"": 0.0019239509711042047, ""surprise"": 0.0014598771231248975}"
calming-fear-2,calming,0,seed,,fear,0.9585427045822144,"I can’t shake this feeling that someone’s watching me, and it’s making my heart race.",,"I can’t shake this feeling that someone’s watching me, and it’s making my heart race.","{""fear"": 0.9585427045822144, ""surprise"": 0.010073463432490826, ""disgust"": 0.0073077259585261345, ""anger"": 0.007287605665624142, ""neutral"": 0.007033815607428551, ""sadness"": 0.005356543697416782, ""joy"": 0.004398099612444639}"
calming-fear-2,calming,1,Normalize,fear,joy,0.9392480850219727,"I can’t shake this feeling that someone’s watching me, and it’s making my heart race.","It’s completely understandable to feel that way; many people experience similar sensations of being watched, and it can be really unsettling. You're not alone in this, and those feelings are valid.",Thanks for saying that. It helps to know I'm not the only one feeling this way. I just want to feel at ease again.,"{""joy"": 0.9392480850219727, ""neutral"": 0.044433217495679855, ""sadness"": 0.006778379902243614, ""disgust"": 0.004291205201297998, ""surprise"": 0.002422464545816183, ""anger"": 0.0020129522308707237, ""fear"": 0.0008135380921885371}"
calming-fear-2,calming,2,Explore,joy,neutral,0.764079749584198,"I can’t shake this feeling that someone’s watching me, and it’s making my heart race.",What do you think might help you feel more at ease in moments like this? Are there particular situations or thoughts that seem to trigger this feeling for you?,I think finding a quiet space and focusing on my breath might help. Sometimes it's just the overwhelming thoughts that trigger this feeling for me.,"{""neutral"": 0.764079749584198, ""fear"": 0.06446243822574615, ""joy"": 0.051364414393901825, ""sadness"": 0.050088994204998016, ""disgust"": 0.03473033756017685, ""surprise"": 0.025143543258309364, ""anger"": 0.010130470618605614}"
calming-fear-2,calming,3,Guide,neutral,joy,0.9232504963874817,"I can’t shake this feeling that someone’s watching me, and it’s making my heart race.",That sounds like a great start! Try to set aside a few minutes each day in a quiet space to practice deep breathing. You might also consider journaling your thoughts afterward to help process what you're feeling—it can be a helpful release.,I appreciate the suggestions! Deep breathing and journaling sound really doable. I’m hopeful that those practices will help me process everything.,"{""joy"": 0.9232504963874817, ""neutral"": 0.05826520547270775, ""surprise"": 0.007901620119810104, ""sadness"": 0.0043456838466227055, ""disgust"": 0.0030631553381681442, ""anger"": 0.0022193794138729572, ""fear"": 0.0009543101768940687}"
calming-fear-2,calming,4,Explore,joy,fear,0.8306587934494019,"I can’t shake this feeling that someone’s watching me, and it’s making my heart race.",I’m glad to hear you’re feeling hopeful! What do you think you’ll focus on in your journaling? Are there particular feelings or experiences you want to explore more deeply?,I think I’ll focus on my feelings of anxiety and the moments that trigger them. I want to understand why they affect me so much and find ways to cope better.,"{""fear"": 0.8306587934494019, ""neutral"": 0.12479117512702942, ""sadness"": 0.020914629101753235, ""anger"": 0.0069883037358522415, ""joy"": 0.006861754227429628, ""surprise"": 0.004974668845534325, ""disgust"": 0.004810696933418512}"
calming-fear-2,calming,5,Normalize,fear,joy,0.9151806235313416,"I can’t shake this feeling that someone’s watching me, and it’s making my heart race.","It's completely normal to want to understand your anxiety and its triggers; many people go through similar journeys of self-discovery. Exploring these feelings can be an important step toward finding clarity and comfort, and you’re showing great insight in wanting to delve deeper.",Thank you! It feels good to recognize that I'm not alone in this. I'm eager to see what I can learn about myself through this process.,"{""joy"": 0.9151806235313416, ""sadness"": 0.054227426648139954, ""neutral"": 0.019258027896285057, ""disgust"": 0.0035691603552550077, ""fear"": 0.003107185009866953, ""surprise"": 0.002626984380185604, ""anger"": 0.002030609641224146}"
calming-joy-0,calming,0,seed,,joy,0.7150779366493225,I just found out I got the job I’ve been dreaming about! I can’t stop smiling!,,I just found out I got the job I’ve been dreaming about! I can’t stop smiling!,"{""joy"": 0.7150779366493225, ""surprise"": 0.23364722728729248, ""neutral"": 0.02198382094502449, ""anger"": 0.019701223820447922, ""sadness"": 0.006066033151000738, ""disgust"": 0.0021473276428878307, ""fear"": 0.0013764026807621121}"
calming-joy-0,calming,1,Explore,joy,joy,0.9866547584533691,I just found out I got the job I’ve been dreaming about! I can’t stop smiling!,That’s amazing news! What about this job makes you feel so excited? Can you share what your dream job entails?,"I’m just thrilled about the opportunity to work on projects I’m passionate about and to be part of a supportive team. My dream job involves creativity, collaboration, and making a real impact, and I feel like this position aligns perfectly with that!","{""joy"": 0.9866547584533691, ""surprise"": 0.007672540843486786, ""neutral"": 0.0023941744584590197, ""anger"": 0.0013738423585891724, ""sadness"": 0.0007285432075150311, ""fear"": 0.0006523302290588617, ""disgust"": 0.0005238954327069223}"
calming-joy-0,calming,2,Explore,joy,joy,0.974585235118866,I just found out I got the job I’ve been dreaming about! I can’t stop smiling!,That sounds wonderful! What specific projects are you most excited to work on? And how do you envision collaborating with your new team to make an impact?,"I’m really excited about a few upcoming initiatives focused on community engagement and sustainability. I see my new team and I working closely, sharing ideas, and leveraging our strengths to drive meaningful change together. It's going to be a fantastic journey!","{""joy"": 0.974585235118866, ""surprise"": 0.015283433720469475, ""neutral"": 0.006180420983582735, ""anger"": 0.0012614276492968202, ""sadness"": 0.0010797679424285889, ""fear"": 0.0010452207643538713, ""disgust"": 0.0005645366036333144}"
calming-joy-0,calming,3,Explore,joy,joy,0.9852486252784729,I just found out I got the job I’ve been dreaming about! I can’t stop smiling!,That sounds incredibly inspiring! What aspects of community engagement and sustainability are you most passionate about? And how do you think your previous experiences will enhance your contributions to these initiatives?,I'm really passionate about creating inclusive programs that empower local voices and promote environmental awareness. My background in project management and community outreach will help me bridge gaps and foster collaboration effectively. I'm excited to see the positive changes we can create together!,"{""joy"": 0.9852486252784729, ""neutral"": 0.005049253813922405, ""surprise"": 0.004309144336730242, ""anger"": 0.002027041045948863, ""fear"": 0.0016497534234076738, ""sadness"": 0.0011585844913497567, ""disgust"": 0.0005576343974098563}"
calming-joy-0,calming,4,Explore,joy,joy,0.7900487184524536,I just found out I got the job I’ve been dreaming about! I can’t stop smiling!,That’s such a powerful vision! Can you share a specific idea for an inclusive program or initiative you have in mind? And how do you plan to engage the local community in the process?,"I envision a community garden project that involves local residents in both planning and maintenance. We could host workshops on sustainable gardening techniques and invite schools to participate, ensuring everyone feels included and invested in the outcome. Engaging through hands-on activities will foster a real sense of ownership and connection.","{""joy"": 0.7900487184524536, ""neutral"": 0.1802646964788437, ""disgust"": 0.01111512165516615, ""anger"": 0.007362768054008484, ""surprise"": 0.00623996090143919, ""sadness"": 0.0039574019610881805, ""fear"": 0.0010112908203154802}"
calming-joy-0,calming,5,Explore,joy,joy,0.8517538905143738,I just found out I got the job I’ve been dreaming about! I can’t stop smiling!,"What a fantastic idea! How do you see the planning process unfold with the community, and what specific topics would you like to cover in the workshops? It sounds like a wonderful opportunity to build relationships and skills!","I see the planning process involving lots of open conversations with community members to gather their input and ideas. For the workshops, I’d love to cover topics like organic gardening, composting, and the benefits of native plants. It's all about ensuring everyone feels invested and knowledgeable!","{""joy"": 0.8517538905143738, ""neutral"": 0.11841978132724762, ""disgust"": 0.010483236983418465, ""surprise"": 0.008495149202644825, ""anger"": 0.007674200460314751, ""sadness"": 0.0022541750222444534, ""fear"": 0.000919508165679872}"
calming-joy-1,calming,0,seed,,surprise,0.8765966892242432,I can't believe it! This is the best day ever!,,I can't believe it! This is the best day ever!,"{""surprise"": 0.8765966892242432, ""joy"": 0.09240203350782394, ""anger"": 0.015217945910990238, ""neutral"": 0.006687456276267767, ""disgust"": 0.0030686743557453156, ""fear"": 0.0030570547096431255, ""sadness"": 0.0029701017774641514}"
calming-joy-1,calming,1,Explore,surprise,surprise,0.9144483804702759,I can't believe it! This is the best day ever!,That sounds amazing! What happened today that made it so special for you? Can you share more about what you’re feeling right now?,"Today, I achieved something I’ve been working toward for a long time, and it feels surreal! I’m a mix of excitement and gratitude right now. It’s like a weight has been lifted, and I can finally breathe.","{""surprise"": 0.9144483804702759, ""fear"": 0.049143046140670776, ""neutral"": 0.016301710158586502, ""anger"": 0.00665977643802762, ""disgust"": 0.0061902618035674095, ""joy"": 0.0049863895401358604, ""sadness"": 0.0022704433649778366}"
calming-joy-1,calming,2,Explore,surprise,joy,0.9827358722686768,I can't believe it! This is the best day ever!,"Wow, that sounds like such a significant moment for you! What was the achievement that made you feel this way? How did you celebrate this milestone, or do you have plans to?","Thank you! I finally completed a project I’ve been passionate about for months. I celebrated with a small gathering of friends, and it felt great to share the joy with them!","{""joy"": 0.9827358722686768, ""surprise"": 0.009495525620877743, ""neutral"": 0.004129915032535791, ""anger"": 0.0014269485836848617, ""sadness"": 0.0012641474604606628, ""disgust"": 0.0006476862472482026, ""fear"": 0.00029974995413795114}"
calming-joy-1,calming,3,Explore,joy,joy,0.9929475784301758,I can't believe it! This is the best day ever!,That’s wonderful to hear! What was it about the project that made you so passionate? And how did it feel to share that moment with your friends?,I was passionate about the project because it allowed me to express my creativity and tackle challenges head-on. Sharing it with my friends felt incredibly rewarding; their support made the moment even more special.,"{""joy"": 0.9929475784301758, ""surprise"": 0.0017247002106159925, ""neutral"": 0.0017154418164864182, ""sadness"": 0.0011457264190539718, ""anger"": 0.0010383566841483116, ""disgust"": 0.0010045917006209493, ""fear"": 0.00042367493733763695}"
calming-joy-1,calming,4,Explore,joy,surprise,0.9418968558311462,I can't believe it! This is the best day ever!,"It’s inspiring to hear how your project tapped into your creativity! Can you tell me about a specific challenge you faced during the process and how you overcame it? Also, how did your friends celebrate your achievement with you?","One challenge I faced was overcoming self-doubt during the project's toughest phases. I leaned on my friends for encouragement, and their belief in me really helped. They surprised me with a little toast at the gathering, which made everything feel even more special!","{""surprise"": 0.9418968558311462, ""joy"": 0.03588969632983208, ""neutral"": 0.013738724403083324, ""anger"": 0.004181497730314732, ""sadness"": 0.0020876845810562372, ""fear"": 0.0011947525199502707, ""disgust"": 0.0010107724228873849}"
calming-joy-1,calming,5,Explore,surprise,joy,0.9592001438140869,I can't believe it! This is the best day ever!,It’s great that you had such supportive friends during that tough time! How did their encouragement help you move past your self-doubt? And what did the toast mean to you in that moment?,"Their encouragement reminded me that I wasn't alone in this journey, which really boosted my confidence. The toast symbolized their belief in me and felt like a celebration of not just the project, but also all the hard work that went into it. It meant a lot to share that moment with them.","{""joy"": 0.9592001438140869, ""neutral"": 0.025586090981960297, ""sadness"": 0.004242974799126387, ""disgust"": 0.004177924711257219, ""surprise"": 0.003238513832911849, ""fear"": 0.0018027408514171839, ""anger"": 0.001751617412082851}"
calming-joy-2,calming,0,seed,,joy,0.9045368432998657,"I can't believe it! Today was just perfect, and I feel so full of happiness!",,"I can't believe it! Today was just perfect, and I feel so full of happiness!","{""joy"": 0.9045368432998657, ""surprise"": 0.08218439668416977, ""anger"": 0.004120278172194958, ""neutral"": 0.003941748756915331, ""sadness"": 0.003105392213910818, ""fear"": 0.0011439449153840542, ""disgust"": 0.0009674960165284574}"
calming-joy-2,calming,1,Explore,joy,joy,0.7387905716896057,"I can't believe it! Today was just perfect, and I feel so full of happiness!",That sounds wonderful! What made today feel so perfect for you? Can you share a moment that really stood out?,"It was the little things, really—a beautiful sunrise and a surprise message from an old friend. Those moments reminded me how much joy can come from simple pleasures.","{""joy"": 0.7387905716896057, ""surprise"": 0.2341253012418747, ""neutral"": 0.01626487262547016, ""sadness"": 0.004817066714167595, ""anger"": 0.0037092892453074455, ""fear"": 0.0014841508818790317, ""disgust"": 0.0008087532478384674}"
calming-joy-2,calming,2,Explore,joy,joy,0.9809135794639587,"I can't believe it! Today was just perfect, and I feel so full of happiness!",It's amazing how those small moments can have such a big impact! What about the sunrise made it special for you? And how did you feel when you received the message from your friend?,"The sunrise was breathtaking—like a painting coming to life, and it filled me with hope. When I saw my friend's message, it felt like a warm hug from the past, reminding me of those good times we shared.","{""joy"": 0.9809135794639587, ""neutral"": 0.009528225287795067, ""surprise"": 0.0030077185947448015, ""disgust"": 0.0023943143896758556, ""anger"": 0.0014582759467884898, ""sadness"": 0.0014325162628665566, ""fear"": 0.001265229657292366}"
calming-joy-2,calming,3,Explore,joy,joy,0.9648290872573853,"I can't believe it! Today was just perfect, and I feel so full of happiness!","Those descriptions are so vivid! What colors stood out to you in the sunrise, and how did the memory of your good times with your friend come to mind when you read their message?","The colors were stunning—pinks, oranges, and purples blending beautifully. It took me back to those carefree days we had together, and suddenly all those happy memories felt alive again. It was like a gentle reminder of how meaningful those moments are.","{""joy"": 0.9648290872573853, ""neutral"": 0.022628044709563255, ""sadness"": 0.005094756372272968, ""surprise"": 0.0030856525991111994, ""disgust"": 0.0026061960961669683, ""anger"": 0.0011666234349831939, ""fear"": 0.000589613860938698}"
calming-joy-2,calming,4,Explore,joy,joy,0.9626795053482056,"I can't believe it! Today was just perfect, and I feel so full of happiness!",It sounds like those colors really painted a powerful picture for you! Can you share more about one of those carefree days with your friend that stands out in your memory? How did it feel to reconnect with that joy in the moment?,"One day, I remember we went to the beach, just laughing and swimming without a care in the world. The sun was shining, and we felt completely free—like nothing could touch us. Reconnecting with that joy brought a rush of nostalgia and warmth; it reminded me how important those bonds are.","{""joy"": 0.9626795053482056, ""neutral"": 0.021134307608008385, ""sadness"": 0.008095163851976395, ""disgust"": 0.0030659502372145653, ""anger"": 0.0023507254663854837, ""surprise"": 0.0019153847824782133, ""fear"": 0.0007590097957290709}"
calming-joy-2,calming,5,Explore,joy,joy,0.9894794821739197,"I can't believe it! Today was just perfect, and I feel so full of happiness!","That sounds like such a beautiful day! What do you think made that moment of freedom at the beach feel so profound, and how does it affect your perspective on your friendships now? Are there any other experiences that evoke that same sense of joy and connection for you?","That beach day felt profound because it was all about pure, unfiltered fun without any worries. It deepened my appreciation for my friendships, reminding me to cherish those joyful moments. Other times that evoke that feeling are family gatherings or spontaneous road trips with friends—they always bring me back to that sense of freedom.","{""joy"": 0.9894794821739197, ""neutral"": 0.0034611746668815613, ""surprise"": 0.002826992655172944, ""sadness"": 0.0018348733428865671, ""disgust"": 0.000946248706895858, ""anger"": 0.0008267188095487654, ""fear"": 0.0006244872929528356}"
calming-neutral-0,calming,0,seed,,joy,0.6230527758598328,I’ve just finished my tasks for the day and am ready to relax for a bit.,,I’ve just finished my tasks for the day and am ready to relax for a bit.,"{""joy"": 0.6230527758598328, ""neutral"": 0.3317018747329712, ""sadness"": 0.028505947440862656, ""disgust"": 0.005919139366596937, ""anger"": 0.005360458046197891, ""surprise"": 0.0040375664830207825, ""fear"": 0.001422265311703086}"
calming-neutral-0,calming,1,Explore,joy,joy,0.9820966720581055,I’ve just finished my tasks for the day and am ready to relax for a bit.,That sounds nice! What do you enjoy doing to unwind after a busy day? Or is there something specific you're looking forward to in your relaxation time?,I really enjoy curling up with a good book or watching a show that makes me laugh. It's the little escapes that help me recharge. What about you?,"{""joy"": 0.9820966720581055, ""neutral"": 0.008721026591956615, ""surprise"": 0.0029536394868046045, ""sadness"": 0.002862941473722458, ""disgust"": 0.0016164963599294424, ""anger"": 0.0014555921079590917, ""fear"": 0.00029363081557676196}"
calming-neutral-0,calming,2,Explore,joy,neutral,0.7282625436782837,I’ve just finished my tasks for the day and am ready to relax for a bit.,"That sounds wonderful! What book are you currently reading, or do you have a favorite show that always brings a smile? How do those little escapes make you feel after a long day?",I’m currently reading a mystery novel that I can’t put down! Escaping into a good story definitely helps me unwind and forget about the day’s stress for a while. How about you—what's your go-to book or show?,"{""neutral"": 0.7282625436782837, ""surprise"": 0.1431690901517868, ""joy"": 0.05908244103193283, ""fear"": 0.02890446037054062, ""sadness"": 0.024118879809975624, ""anger"": 0.009772125631570816, ""disgust"": 0.0066904365085065365}"
calming-neutral-0,calming,3,Guide,neutral,joy,0.972850501537323,I’ve just finished my tasks for the day and am ready to relax for a bit.,"That's fantastic! If you're enjoying that mystery novel, try setting aside a specific time each day to dive into it—maybe right before bed to help transition into relaxation. As for me, I’d suggest a light comedy series or podcast; they can be great for lifting your spirits after a long day. What do you think?",I love that idea! Setting a regular time for my book sounds like a perfect way to unwind. A comedy podcast sounds fun too—I'll definitely check one out!,"{""joy"": 0.972850501537323, ""neutral"": 0.015280292369425297, ""surprise"": 0.006835822947323322, ""sadness"": 0.0020435438491404057, ""anger"": 0.0014365989482030272, ""disgust"": 0.0012499582953751087, ""fear"": 0.00030321444501169026}"
calming-neutral-0,calming,4,Explore,joy,joy,0.9686353802680969,I’ve just finished my tasks for the day and am ready to relax for a bit.,That's great to hear! What aspect of setting a regular time for your book excites you the most? And do you have any specific genres or themes you enjoy in comedy podcasts that resonate with your sense of humor?,"I’m really looking forward to the consistency it brings, almost like a little daily ritual. For comedy podcasts, I enjoy witty banter and lighthearted storytelling—it just brightens my mood! What about you?","{""joy"": 0.9686353802680969, ""neutral"": 0.019475294277071953, ""surprise"": 0.004995790775865316, ""sadness"": 0.002442914294078946, ""disgust"": 0.0020626946352422237, ""anger"": 0.001979687251150608, ""fear"": 0.00040823404560796916}"
calming-neutral-0,calming,5,Explore,joy,joy,0.9049502015113831,I’ve just finished my tasks for the day and am ready to relax for a bit.,That daily ritual sounds nurturing! How do you think that consistency will change your evening routine? And can you share a favorite moment from a comedy podcast that really made you laugh?,"I think that daily ritual will help me wind down more effectively and create a comforting rhythm to my evenings. As for comedy podcasts, I once listened to a segment where the hosts tried to guess the worst dad jokes—absolute hilarity!","{""joy"": 0.9049502015113831, ""disgust"": 0.036905981600284576, ""neutral"": 0.03188801184296608, ""surprise"": 0.010158218443393707, ""anger"": 0.008616959676146507, ""sadness"": 0.00585880596190691, ""fear"": 0.001621793955564499}"
calming-neutral-1,calming,0,seed,,neutral,0.8885565996170044,"I just finished my work for the day. Now, I think I'll catch up on some reading.",,"I just finished my work for the day. Now, I think I'll catch up on some reading.","{""neutral"": 0.8885565996170044, ""joy"": 0.06196005269885063, ""sadness"": 0.02210049517452717, ""disgust"": 0.010884268209338188, ""surprise"": 0.009023324586451054, ""anger"": 0.005390745121985674, ""fear"": 0.002084530657157302}"
calming-neutral-1,calming,1,Guide,neutral,joy,0.915353000164032,"I just finished my work for the day. Now, I think I'll catch up on some reading.","That sounds great! To make the most of your reading time, choose a cozy spot and a book you’ve been excited about. Maybe set a timer for 30 minutes to immerse yourself without distractions. Enjoy!",Thanks for the tips! I love the idea of setting a timer—it's the perfect way to get lost in a story. I can't wait to dive in!,"{""joy"": 0.915353000164032, ""neutral"": 0.049605488777160645, ""surprise"": 0.025623353198170662, ""anger"": 0.004016546066850424, ""sadness"": 0.002815128769725561, ""fear"": 0.0014253236586228013, ""disgust"": 0.0011611664667725563}"
calming-neutral-1,calming,2,Explore,joy,joy,0.9763618111610413,"I just finished my work for the day. Now, I think I'll catch up on some reading.","That’s wonderful to hear! What book are you planning to read, and what draws you to it? Have you found a favorite reading spot that makes it even more enjoyable?","I'm thinking about diving into ""The Night Circus"" because I've heard it's beautifully written and magical. I love reading in my comfy armchair by the window—it’s the perfect cozy escape!","{""joy"": 0.9763618111610413, ""neutral"": 0.011996056884527206, ""surprise"": 0.0049285199493169785, ""sadness"": 0.002613601041957736, ""fear"": 0.0018425264861434698, ""disgust"": 0.0013018081663176417, ""anger"": 0.0009556791046634316}"
calming-neutral-1,calming,3,Explore,joy,joy,0.9527220129966736,"I just finished my work for the day. Now, I think I'll catch up on some reading.","""The Night Circus"" sounds enchanting! What aspects of the story or characters are you most looking forward to? And how does it feel to read in your armchair by the window—do you find it inspires your imagination?",I'm really looking forward to the magical competition and the way the circus itself becomes a character. Reading by the window is so inspiring—it lets the outside world fade away and helps me get lost in the story. I can’t wait to see where the journey takes me!,"{""joy"": 0.9527220129966736, ""neutral"": 0.01688063144683838, ""surprise"": 0.016741342842578888, ""sadness"": 0.0058441548608243465, ""fear"": 0.0053700837306678295, ""anger"": 0.001595483860000968, ""disgust"": 0.0008461910183541477}"
calming-neutral-1,calming,4,Explore,joy,joy,0.9660707712173462,"I just finished my work for the day. Now, I think I'll catch up on some reading.",That sounds like an incredible experience! What do you think it is about the magical competition that captivates you? And how do you feel when the circus becomes a character—does it change the way you engage with the story?,"I think the magical competition captivates me because of the tension and creativity it sparks between the characters. When the circus becomes a character, it adds a layer of wonder that makes every moment feel alive and immersive. It really draws me deeper into the narrative.","{""joy"": 0.9660707712173462, ""surprise"": 0.015973838046193123, ""neutral"": 0.012583347968757153, ""sadness"": 0.002316142898052931, ""fear"": 0.00127374567091465, ""disgust"": 0.0010338807478547096, ""anger"": 0.0007482827641069889}"
calming-neutral-1,calming,5,Explore,joy,joy,0.9483565092086792,"I just finished my work for the day. Now, I think I'll catch up on some reading.",That’s such a vivid description! Can you share a particular moment or scene you're excited to experience in the competition? How do you think the circus’s presence influences the emotions of the characters and the story's overall atmosphere?,"I’m really excited for the moments when the characters showcase their powers in unique and unexpected ways. The circus’s presence creates a sense of enchantment and urgency, making the stakes feel even higher and immersing me in their emotional journeys. I can't wait to see how it all unfolds!","{""joy"": 0.9483565092086792, ""surprise"": 0.025426747277379036, ""neutral"": 0.018595082685351372, ""fear"": 0.0029696286655962467, ""anger"": 0.0025761895813047886, ""sadness"": 0.0013427369995042682, ""disgust"": 0.0007331780507229269}"
calming-neutral-2,calming,0,seed,,neutral,0.7585556507110596,"I just finished my work for the day, and now I'm not really sure what to do next.",,"I just finished my work for the day, and now I'm not really sure what to do next.","{""neutral"": 0.7585556507110596, ""sadness"": 0.1007942482829094, ""surprise"": 0.04633036628365517, ""disgust"": 0.029790092259645462, ""fear"": 0.02875678427517414, ""anger"": 0.017932221293449402, ""joy"": 0.01784069649875164}"
calming-neutral-2,calming,1,Guide,neutral,joy,0.9226374626159668,"I just finished my work for the day, and now I'm not really sure what to do next.","It sounds like a perfect time to unwind! Consider taking a short walk to clear your mind or enjoying a favorite hobby, like reading or cooking. If you’re up for it, you could also reach out to a friend for a quick chat.",Thanks for the suggestions! I think a walk sounds nice—it'll be refreshing. Maybe I'll call a friend later too.,"{""joy"": 0.9226374626159668, ""neutral"": 0.058728113770484924, ""surprise"": 0.0075752101838588715, ""sadness"": 0.005150162614881992, ""disgust"": 0.003225750522688031, ""anger"": 0.0021299144718796015, ""fear"": 0.0005533536314032972}"
calming-neutral-2,calming,2,Explore,joy,joy,0.9876722693443298,"I just finished my work for the day, and now I'm not really sure what to do next.","That sounds lovely! What kind of places do you like to walk, or do you have a favorite route? And who do you think you'll call to catch up with later?","I really enjoy walking around the park nearby; it has beautiful trails and a calming vibe. As for calling, I might reach out to my old college buddy—it's been a while since we caught up!","{""joy"": 0.9876722693443298, ""neutral"": 0.0048974123783409595, ""sadness"": 0.003141325432807207, ""surprise"": 0.001831332570873201, ""disgust"": 0.0012260298244655132, ""anger"": 0.0008795817848294973, ""fear"": 0.00035205838503316045}"
calming-neutral-2,calming,3,Explore,joy,joy,0.9781282544136047,"I just finished my work for the day, and now I'm not really sure what to do next.",That park sounds wonderful! What do you like the most about the trails there? And what kind of things do you usually talk about when you catch up with your college buddy?,"I love how the trails wind through the trees and the peaceful atmosphere really helps me relax. When I catch up with my college buddy, we usually reminisce about funny moments from school and share updates about our lives. It's always nice to reconnect!","{""joy"": 0.9781282544136047, ""neutral"": 0.011491856537759304, ""sadness"": 0.0034274791833013296, ""surprise"": 0.0031188540160655975, ""disgust"": 0.001936430693604052, ""anger"": 0.0016138453502207994, ""fear"": 0.0002832105674315244}"
calming-neutral-2,calming,4,Explore,joy,joy,0.7650443315505981,"I just finished my work for the day, and now I'm not really sure what to do next.",It sounds like a perfect way to relax and catch up! What are some of your favorite memories from those funny moments in college? And how does talking with your buddy make you feel after you reconnect?,"I have so many great memories! One time, we pulled a prank that totally backfired, and we ended up laughing about it for days. Reconnecting with him feels like picking up right where we left off—it brings back that sense of camaraderie and makes me feel nostalgic in a good way.","{""joy"": 0.7650443315505981, ""neutral"": 0.1745045930147171, ""surprise"": 0.026621177792549133, ""sadness"": 0.021897336468100548, ""disgust"": 0.005772740114480257, ""anger"": 0.0050648283213377, ""fear"": 0.0010949962306767702}"
calming-neutral-2,calming,5,Explore,joy,joy,0.7072723507881165,"I just finished my work for the day, and now I'm not really sure what to do next.","That sounds like such a fun memory! What was the prank, and how did it backfire? It must be nice to relive those moments together—are there other experiences from college that have had a lasting impact on your friendship?","We decided to fake a fire drill, but it turned into chaos when the alarms went off for real! It definitely strengthened our bond, along with all those late-night study sessions and road trips. Those experiences built the foundation of our friendship, and I cherish those times.","{""joy"": 0.7072723507881165, ""neutral"": 0.2204008549451828, ""anger"": 0.03255556896328926, ""sadness"": 0.012516804970800877, ""disgust"": 0.0110897496342659, ""surprise"": 0.010060528293251991, ""fear"": 0.00610406743362546}"
calming-sadness-0,calming,0,seed,,fear,0.6903043985366821,I just can't shake this feeling of emptiness; it’s like a weight that won’t lift.,,I just can't shake this feeling of emptiness; it’s like a weight that won’t lift.,"{""fear"": 0.6903043985366821, ""sadness"": 0.15765240788459778, ""neutral"": 0.07667572796344757, ""disgust"": 0.042063746601343155, ""surprise"": 0.020507298409938812, ""anger"": 0.010672511532902718, ""joy"": 0.0021238408517092466}"
calming-sadness-0,calming,1,Normalize,fear,neutral,0.7344289422035217,I just can't shake this feeling of emptiness; it’s like a weight that won’t lift.,"It’s really tough to feel that weight of emptiness; many people go through similar experiences, and it can be so challenging. You're not alone in this, and it's okay to feel how you do.","Thanks for understanding. It helps to know I’m not alone in this, even if it feels heavy right now. I guess I just need to take it one day at a time.","{""neutral"": 0.7344289422035217, ""sadness"": 0.16371622681617737, ""disgust"": 0.043624453246593475, ""joy"": 0.027739251032471657, ""fear"": 0.015444774180650711, ""anger"": 0.007732056081295013, ""surprise"": 0.007314219139516354}"
calming-sadness-0,calming,2,Guide,neutral,joy,0.9578835964202881,I just can't shake this feeling of emptiness; it’s like a weight that won’t lift.,"It's great that you’re focusing on taking it one day at a time. Maybe start by setting a small goal for today, like taking a walk or reaching out to a friend. Celebrating tiny wins can help lift that weight a bit!","I really like that idea. A small goal sounds manageable, and just reaching out to a friend could make a difference. I’ll give it a try!","{""joy"": 0.9578835964202881, ""neutral"": 0.02741413377225399, ""anger"": 0.004885315429419279, ""surprise"": 0.00419202446937561, ""disgust"": 0.003053246531635523, ""sadness"": 0.0017560695996508002, ""fear"": 0.0008155678515322506}"
calming-sadness-0,calming,3,Explore,joy,joy,0.98987877368927,I just can't shake this feeling of emptiness; it’s like a weight that won’t lift.,That sounds like a positive step! How do you feel about reaching out to your friend? Is there a particular activity or topic you hope to share with them?,I feel optimistic about it! I think just catching up over a cup of coffee and sharing some laughs could lighten my mood. It’s nice to have something to look forward to.,"{""joy"": 0.98987877368927, ""neutral"": 0.004182052798569202, ""sadness"": 0.0019884624052792788, ""surprise"": 0.0014838030328974128, ""disgust"": 0.0010198642266914248, ""anger"": 0.0008424398256465793, ""fear"": 0.0006047069909982383}"
calming-sadness-0,calming,4,Explore,joy,joy,0.9809906482696533,I just can't shake this feeling of emptiness; it’s like a weight that won’t lift.,That sounds lovely! What are some of your favorite memories with this friend that you think might bring some laughter? And how does the prospect of catching up make you feel right now?,"I’m feeling a mix of excitement and nostalgia thinking about the good times we’ve had, like that hilarious road trip where we got lost but ended up discovering that quaint little diner. Just imagining that coffee chat brings a smile—it feels like a little light in the heaviness.","{""joy"": 0.9809906482696533, ""neutral"": 0.00649868231266737, ""sadness"": 0.0057158637791872025, ""surprise"": 0.0038655903190374374, ""disgust"": 0.0017425824189558625, ""anger"": 0.0007887021638453007, ""fear"": 0.0003980674664489925}"
calming-sadness-0,calming,5,Explore,joy,joy,0.9415541291236877,I just can't shake this feeling of emptiness; it’s like a weight that won’t lift.,That road trip sounds like such a fun adventure! What about that day stands out to you the most? And how do you think sharing a laugh about those moments will impact how you’re feeling now?,"The moment that stands out the most is probably when we finally found that diner and shared a massive plate of fries—it felt like such a victory! I think laughing about those times will definitely lighten my spirits and remind me that good moments can still happen, even amidst the heaviness.","{""joy"": 0.9415541291236877, ""sadness"": 0.03778893128037453, ""neutral"": 0.010517421178519726, ""surprise"": 0.004420219920575619, ""disgust"": 0.0036671829875558615, ""anger"": 0.0013108878629282117, ""fear"": 0.0007412753766402602}"
calming-sadness-1,calming,0,seed,,fear,0.5794909000396729,I can't shake this heavy feeling in my chest; it just hurts to think about how things used to be.,,I can't shake this heavy feeling in my chest; it just hurts to think about how things used to be.,"{""fear"": 0.5794909000396729, ""sadness"": 0.3116268217563629, ""neutral"": 0.04151427000761032, ""disgust"": 0.03534232825040817, ""surprise"": 0.021628960967063904, ""anger"": 0.007108000572770834, ""joy"": 0.003288653213530779}"
calming-sadness-1,calming,1,Normalize,fear,joy,0.6799331307411194,I can't shake this heavy feeling in my chest; it just hurts to think about how things used to be.,"It's really tough to feel that way, and many people go through similar feelings when reminiscing about the past. You're not alone in this—experiencing emotional heaviness can be a common part of processing change.",Thanks for understanding. It's comforting to know I'm not the only one who feels this way. I just wish the weight would lift a little.,"{""joy"": 0.6799331307411194, ""neutral"": 0.24153366684913635, ""sadness"": 0.04788169264793396, ""surprise"": 0.013723546639084816, ""disgust"": 0.010211433283984661, ""fear"": 0.004217077977955341, ""anger"": 0.0024994288105517626}"
calming-sadness-1,calming,2,Explore,joy,joy,0.7766876816749573,I can't shake this heavy feeling in my chest; it just hurts to think about how things used to be.,I'm glad you find comfort in knowing you're not alone. Can you share a bit more about what specifically comes to mind when you think about how things used to be? What moments do you find yourself reflecting on the most?,"I often think about the simple moments, like laughing with friends or family gatherings. It feels like there's a warmth in those memories that I really miss. Sometimes, I wish I could relive those times just to feel that joy again.","{""joy"": 0.7766876816749573, ""sadness"": 0.1652725636959076, ""neutral"": 0.04351252317428589, ""surprise"": 0.008036880753934383, ""disgust"": 0.003443113761022687, ""anger"": 0.0016344598261639476, ""fear"": 0.0014127788599580526}"
calming-sadness-1,calming,3,Explore,joy,joy,0.9429484605789185,I can't shake this heavy feeling in my chest; it just hurts to think about how things used to be.,"What do those laughter-filled moments mean to you now? Are there particular gatherings that stand out in your mind, or specific people you miss sharing those experiences with?","Those laughter-filled moments remind me of genuine connection and happiness. I often think about family holidays—everyone gathered around the table, sharing stories and jokes. I really miss the presence of those loved ones who filled the room with warmth and laughter.","{""joy"": 0.9429484605789185, ""neutral"": 0.0231951791793108, ""sadness"": 0.022082770243287086, ""surprise"": 0.00711819576099515, ""disgust"": 0.0025600248482078314, ""anger"": 0.0016309656202793121, ""fear"": 0.0004642622952815145}"
calming-sadness-1,calming,4,Explore,joy,sadness,0.9372086524963379,I can't shake this heavy feeling in my chest; it just hurts to think about how things used to be.,It sounds like those gatherings hold a special place in your heart. What do you think made those moments feel so warm and joyful for you? Are there any specific stories or jokes from those holidays that still resonate with you today?,"Those moments were special because of the love and laughter we shared; they created a bond that felt unbreakable. One story that still makes me smile is when my uncle told a corny joke, and we all ended up laughing so hard we couldn't breathe. I really miss those carefree times together.","{""sadness"": 0.9372086524963379, ""joy"": 0.024711109697818756, ""neutral"": 0.021894553676247597, ""surprise"": 0.010380871593952179, ""disgust"": 0.0019965535029768944, ""fear"": 0.001965923933312297, ""anger"": 0.001842378405854106}"
calming-sadness-1,calming,5,Affirm,sadness,joy,0.9006075263023376,I can't shake this heavy feeling in my chest; it just hurts to think about how things used to be.,"It's beautiful how vividly you remember those joyful moments and the strong bonds that were formed. Your ability to cherish those connections and find joy in the smallest details reflects the love you share with your family, which is truly special. It's understandable to miss those carefree times; they hold a depth of warmth that’s hard to replicate.","Thank you for acknowledging the depth of those memories. It really is the little things, like shared laughter, that create the strongest connections. I appreciate being able to share this with you.","{""joy"": 0.9006075263023376, ""neutral"": 0.06953795254230499, ""surprise"": 0.018507378175854683, ""sadness"": 0.004250950645655394, ""disgust"": 0.003499420592561364, ""anger"": 0.0029830592684447765, ""fear"": 0.0006137703894637525}"
calming-sadness-2,calming,0,seed,,sadness,0.8449222445487976,"I just feel so heavy inside, like everything I care about is slipping away.",,"I just feel so heavy inside, like everything I care about is slipping away.","{""sadness"": 0.8449222445487976, ""disgust"": 0.058692798018455505, ""fear"": 0.0450926311314106, ""neutral"": 0.03438057750463486, ""surprise"": 0.010067222639918327, ""anger"": 0.005384966731071472, ""joy"": 0.0014595376560464501}"
calming-sadness-2,calming,1,Affirm,sadness,joy,0.5951792597770691,"I just feel so heavy inside, like everything I care about is slipping away.","It’s really brave of you to share how you're feeling, and it shows your strength in confronting these heavy emotions. Your ability to express this pain reflects just how deeply you care about what matters to you.","Thank you for saying that. It feels good to be understood, even if everything feels overwhelming right now. I appreciate your support.","{""joy"": 0.5951792597770691, ""fear"": 0.19065961241722107, ""surprise"": 0.12700189650058746, ""neutral"": 0.04892859607934952, ""sadness"": 0.020340127870440483, ""disgust"": 0.010752961039543152, ""anger"": 0.007137557491660118}"
calming-sadness-2,calming,2,Explore,joy,sadness,0.9782650470733643,"I just feel so heavy inside, like everything I care about is slipping away.",I'm glad to hear that you feel understood. Can you share a bit more about what’s been weighing on your mind or what feels overwhelming? What are the things that matter most to you right now?,"I really appreciate you asking. Right now, I’m worried about my relationships and feeling disconnected from the things I used to love. It’s tough to navigate these feelings and find my way back.","{""sadness"": 0.9782650470733643, ""neutral"": 0.011417247354984283, ""fear"": 0.0027642531786113977, ""anger"": 0.0022962605580687523, ""disgust"": 0.0022709069307893515, ""surprise"": 0.0018814490176737309, ""joy"": 0.001104835537262261}"
calming-sadness-2,calming,3,Affirm,sadness,joy,0.976366400718689,"I just feel so heavy inside, like everything I care about is slipping away.","It’s commendable that you’re taking the time to reflect on your relationships and your passions. Acknowledging these feelings is a significant step, and it shows just how much you care about reconnecting with what matters to you. Your willingness to navigate this tough journey reflects your resilience and desire for growth.","Thanks for recognizing that. It feels good to hear that my efforts matter, even when the path seems unclear. I'm determined to find my way back to those connections and passions.","{""joy"": 0.976366400718689, ""neutral"": 0.013811372220516205, ""sadness"": 0.0033234686125069857, ""disgust"": 0.0025927864480763674, ""anger"": 0.0018742496613413095, ""surprise"": 0.0014920022804290056, ""fear"": 0.0005396929918788373}"
calming-sadness-2,calming,4,Explore,joy,sadness,0.6918669939041138,"I just feel so heavy inside, like everything I care about is slipping away.",I'm really glad it resonates with you. What sparks that determination in you to reconnect with those connections and passions? Are there specific moments or activities that you find yourself missing the most?,"I think it's the memories of joy I had when I was fully engaged in those things. Those moments remind me of who I am at my core, and I miss the connection they brought into my life. Finding my way back to that feels essential.","{""sadness"": 0.6918669939041138, ""joy"": 0.21130888164043427, ""neutral"": 0.07762423157691956, ""surprise"": 0.007025727070868015, ""disgust"": 0.006078386213630438, ""fear"": 0.0037649711593985558, ""anger"": 0.0023307958617806435}"
calming-sadness-2,calming,5,Affirm,sadness,joy,0.9757146239280701,"I just feel so heavy inside, like everything I care about is slipping away.","It's truly powerful that you recognize those joyful memories as a core part of who you are. Your commitment to finding your way back to those connections reflects your deep self-awareness and determination, which are incredible strengths. Keep honoring those feelings—it's a beautiful journey you're on.","Thank you, that means a lot to me. Honoring those memories feels like a step toward healing, and I appreciate your encouragement. It’s reassuring to have someone recognize the importance of this journey.","{""joy"": 0.9757146239280701, ""neutral"": 0.01532362774014473, ""surprise"": 0.0029021394439041615, ""disgust"": 0.0021992784459143877, ""sadness"": 0.0021301659289747477, ""anger"": 0.0011286069639027119, ""fear"": 0.0006015254184603691}"
calming-surprise-0,calming,0,seed,,surprise,0.9659468531608582,"Whoa, I can't believe that just happened!",,"Whoa, I can't believe that just happened!","{""surprise"": 0.9659468531608582, ""anger"": 0.011339197866618633, ""disgust"": 0.007204151712357998, ""fear"": 0.005026074126362801, ""neutral"": 0.0038976874202489853, ""joy"": 0.0035997594241052866, ""sadness"": 0.002986287232488394}"
calming-surprise-0,calming,1,Explore,surprise,surprise,0.961678147315979,"Whoa, I can't believe that just happened!",What exactly surprised you? Can you share more about what happened that caught you off guard?,I was totally not expecting that twist in the story! It really changed everything for the characters in a way I didn’t see coming.,"{""surprise"": 0.961678147315979, ""anger"": 0.011173250153660774, ""neutral"": 0.008286290802061558, ""joy"": 0.006883915513753891, ""fear"": 0.006879121530801058, ""disgust"": 0.0036742128431797028, ""sadness"": 0.0014250900130718946}"
calming-surprise-0,calming,2,Explore,surprise,surprise,0.921393096446991,"Whoa, I can't believe that just happened!",What was it about the twist that impacted you the most? How did it make you feel about the characters and their journeys?,"The twist really shifted my understanding of the characters' motivations. It made me empathize with them even more, seeing their struggles in a new light. I felt a mix of shock and admiration for their resilience.","{""surprise"": 0.921393096446991, ""fear"": 0.05127813667058945, ""joy"": 0.009603196755051613, ""neutral"": 0.007149681448936462, ""anger"": 0.005533033981919289, ""sadness"": 0.002599659375846386, ""disgust"": 0.0024431999772787094}"
calming-surprise-0,calming,3,Explore,surprise,joy,0.6479089856147766,"Whoa, I can't believe that just happened!",That's a powerful reaction! Can you share more about how this newfound empathy has influenced your thoughts on the story? Were there particular moments that stood out to you as especially impactful?,"Absolutely! The moment when a character revealed their backstory really hit home for me. It made me realize that everyone has their struggles, and that deepened my appreciation for their choices throughout the story.","{""joy"": 0.6479089856147766, ""neutral"": 0.1810036450624466, ""surprise"": 0.13447926938533783, ""anger"": 0.016077611595392227, ""disgust"": 0.010292444378137589, ""sadness"": 0.007737999781966209, ""fear"": 0.0025001554749906063}"
calming-surprise-0,calming,4,Explore,joy,joy,0.870185911655426,"Whoa, I can't believe that just happened!",That’s such a meaningful insight! What was it about that particular backstory that resonated with you so deeply? Did it change how you view similar situations in real life or in other stories?,"It struck me because it reminded me of my own experiences and how unseen battles can shape our actions. I find myself more compassionate toward others now, recognizing that everyone has their own stories that influence their decisions.","{""joy"": 0.870185911655426, ""neutral"": 0.07320763915777206, ""disgust"": 0.022615136578679085, ""anger"": 0.015096571296453476, ""surprise"": 0.008496925234794617, ""sadness"": 0.0070342086255550385, ""fear"": 0.003363508265465498}"
calming-surprise-0,calming,5,Explore,joy,neutral,0.595487654209137,"Whoa, I can't believe that just happened!",It’s wonderful to hear how your personal experiences have shaped your understanding of the characters. Can you share a specific experience that parallels what you saw in the story? How do you think this newfound compassion will affect your interactions with others moving forward?,"One experience that comes to mind is when I faced a difficult time and realized how much I was struggling behind the scenes. It made me more patient and understanding, and I think moving forward, I'll take a moment to listen more and appreciate others' challenges before jumping to conclusions.","{""neutral"": 0.595487654209137, ""joy"": 0.35459595918655396, ""fear"": 0.012243346311151981, ""sadness"": 0.010900119319558144, ""anger"": 0.009951753541827202, ""disgust"": 0.009881872683763504, ""surprise"": 0.006939358543604612}"
calming-surprise-1,calming,0,seed,,surprise,0.9792245030403137,"Wow, I can't believe that just happened!",,"Wow, I can't believe that just happened!","{""surprise"": 0.9792245030403137, ""anger"": 0.005784806329756975, ""neutral"": 0.0040834806859493256, ""joy"": 0.0034075789153575897, ""fear"": 0.0030485563911497593, ""disgust"": 0.0029321059118956327, ""sadness"": 0.0015189503319561481}"
calming-surprise-1,calming,1,Explore,surprise,surprise,0.8476313352584839,"Wow, I can't believe that just happened!",That sounds intense! What specifically took you by surprise? Can you share more about what happened?,"I didn’t expect the sudden turn of events during the meeting. One moment, we were discussing plans, and then everything shifted dramatically. It really caught me off guard!","{""surprise"": 0.8476313352584839, ""fear"": 0.10348789393901825, ""anger"": 0.0284196175634861, ""neutral"": 0.010413700714707375, ""disgust"": 0.004788166843354702, ""joy"": 0.003883196972310543, ""sadness"": 0.0013761359732598066}"
calming-surprise-1,calming,2,Explore,surprise,surprise,0.9540355801582336,"Wow, I can't believe that just happened!",It sounds like that was quite a jolt! What kind of changes happened during the meeting that felt so unexpected? How did it make you feel in the moment?,"It really threw me for a loop. One minute we were all on the same page, and then the conversation veered into conflict. I felt a mix of shock and confusion; it was hard to process.","{""surprise"": 0.9540355801582336, ""fear"": 0.027982110157608986, ""anger"": 0.006324124988168478, ""neutral"": 0.005212460178881884, ""disgust"": 0.002584905130788684, ""joy"": 0.002491286490112543, ""sadness"": 0.001369534176774323}"
calming-surprise-1,calming,3,Explore,surprise,fear,0.804428219795227,"Wow, I can't believe that just happened!",It sounds like that was really disorienting. What were some of the specific points that led to the shift in conversation? How did the dynamics among your team members change in that moment?,"It was mainly when one colleague brought up a controversial idea that nobody saw coming. Suddenly, everyone had strong opinions, and the atmosphere turned tense. I felt a mix of disbelief and concern; it was like watching a friendly discussion dissolve into chaos.","{""fear"": 0.804428219795227, ""surprise"": 0.16622547805309296, ""anger"": 0.011293461546301842, ""neutral"": 0.008569306693971157, ""disgust"": 0.00432056887075305, ""joy"": 0.003645382821559906, ""sadness"": 0.0015175159787759185}"
calming-surprise-1,calming,4,Normalize,fear,neutral,0.39487531781196594,"Wow, I can't believe that just happened!",It makes sense that you'd feel disbelief and concern in that situation; many people find it unsettling when a calm conversation shifts so suddenly. You're definitely not alone in feeling overwhelmed when discussions take an unexpected turn like that. It can be really challenging to navigate those dynamics.,"Absolutely, it felt like the ground shifted beneath me. I was just trying to keep up with the sudden tension; it really is tough when a group dynamic shifts like that.","{""neutral"": 0.39487531781196594, ""fear"": 0.28539368510246277, ""surprise"": 0.1603993922472, ""disgust"": 0.07619405537843704, ""anger"": 0.05591185390949249, ""sadness"": 0.02326381951570511, ""joy"": 0.003961887676268816}"
calming-surprise-1,calming,5,Guide,neutral,neutral,0.7709212303161621,"Wow, I can't believe that just happened!","It’s completely understandable to feel that way. One step you might consider is taking a moment to regroup, either alone or with a trusted colleague, to process what happened. You could also suggest a follow-up conversation to address the tensions and clarify everyone’s viewpoints, which might help restore a sense of balance.",Thanks for the suggestions. I think regrouping is a good idea; I could definitely use a moment to process everything. A follow-up conversation might help clear the air and bring some normalcy back to our discussions.,"{""neutral"": 0.7709212303161621, ""joy"": 0.18574973940849304, ""sadness"": 0.01395418867468834, ""disgust"": 0.012544381432235241, ""anger"": 0.008259800262749195, ""surprise"": 0.00617459649220109, ""fear"": 0.0023960887920111418}"
calming-surprise-2,calming,0,seed,,surprise,0.978161096572876,"Wow, I can't believe that just happened! What a twist!",,"Wow, I can't believe that just happened! What a twist!","{""surprise"": 0.978161096572876, ""joy"": 0.005350654013454914, ""anger"": 0.00521940179169178, ""neutral"": 0.004872562363743782, ""disgust"": 0.0026556113734841347, ""fear"": 0.0022115116007626057, ""sadness"": 0.0015290946466848254}"
calming-surprise-2,calming,1,Explore,surprise,surprise,0.9574422240257263,"Wow, I can't believe that just happened! What a twist!",What part of the twist surprised you the most? Can you share more about what you were expecting to happen?,I was honestly not expecting that character to turn out to be the antagonist! I thought they were a total ally throughout the story. It completely changed my perspective on everything.,"{""surprise"": 0.9574422240257263, ""neutral"": 0.017993589863181114, ""anger"": 0.01139921136200428, ""disgust"": 0.004330827854573727, ""fear"": 0.004255679436028004, ""joy"": 0.0032878071069717407, ""sadness"": 0.0012906801421195269}"
calming-surprise-2,calming,2,Explore,surprise,fear,0.6776365041732788,"Wow, I can't believe that just happened! What a twist!",That’s such a fascinating revelation! How do you think their betrayal will impact the other characters moving forward? Did this twist change the way you view the themes of trust and deception in the story?,"I think the betrayal will cause major distrust among the remaining characters, making them question their own alliances. It definitely deepens the themes of trust and deception for me; it’s a reminder that appearances can be so misleading.","{""fear"": 0.6776365041732788, ""neutral"": 0.14774766564369202, ""anger"": 0.08062407374382019, ""disgust"": 0.07251778244972229, ""sadness"": 0.012922118417918682, ""surprise"": 0.0058440291322767735, ""joy"": 0.0027078355196863413}"
calming-surprise-2,calming,3,Normalize,fear,surprise,0.6159709692001343,"Wow, I can't believe that just happened! What a twist!","It's completely understandable to feel a shift in perspective like that after such a twist! Many people experience similar emotions when they realize that relationships and alliances in stories can be so complex and deceptive. It’s fascinating how narratives can reflect real-life situations of trust and betrayal, isn’t it?","Absolutely! It makes you think about how easily trust can be broken, both in stories and in real life. Those complexities add so much depth to the narrative.","{""surprise"": 0.6159709692001343, ""neutral"": 0.2041056752204895, ""joy"": 0.0750570073723793, ""anger"": 0.05755237489938736, ""disgust"": 0.026236718520522118, ""fear"": 0.01656980626285076, ""sadness"": 0.004507498349994421}"
calming-surprise-2,calming,4,Explore,surprise,surprise,0.6594722270965576,"Wow, I can't believe that just happened! What a twist!",What other moments in the story do you think highlight the fragility of trust? Have there been any other characters or relationships that challenged your perception in a similar way?,One moment that stands out for me is when two characters who seemed inseparable suddenly find themselves at odds. It really drives home how quickly trust can erode. Have you noticed any other pivotal shifts like that?,"{""surprise"": 0.6594722270965576, ""fear"": 0.18593184649944305, ""neutral"": 0.10425302386283875, ""anger"": 0.031564272940158844, ""disgust"": 0.010129887610673904, ""sadness"": 0.0049386341124773026, ""joy"": 0.0037100831978023052}"
calming-surprise-2,calming,5,Explore,surprise,sadness,0.9437872171401978,"Wow, I can't believe that just happened! What a twist!",That’s such a powerful moment! How did their conflict affect your connection to those characters? Were there any specific events leading up to that moment that hinted at the underlying tensions?,"Their conflict definitely made me see them in a different light; it was heartbreaking to witness their bond unravel. Leading up to that moment, there were subtle signs of tension, like unresolved arguments and unspoken frustrations, that hinted something was brewing. It really emphasized how fragile relationships can be.","{""sadness"": 0.9437872171401978, ""fear"": 0.023112578317523003, ""neutral"": 0.011665618978440762, ""surprise"": 0.00943982508033514, ""disgust"": 0.007481926120817661, ""anger"": 0.002397982170805335, ""joy"": 0.002114950679242611}"
